"study_name","feature_id","species","n_control","n_crc","mean_control","mean_crc","median_control","median_crc","diff_mean","p_value","fdr","direction"
"FengQ_2015","k__Bacteria|p__Bacteroidetes|c__Bacteroidia|o__Bacteroidales|f__Prevotellaceae|g__Prevotella|s__Prevotella_copri","Prevotella copri",61,46,-4.29903807616553,-1.63415870846114,-5,-1.6574399855794,2.66487936770439,3.38296198196168e-10,1.95535202557385e-07,"enriched_in_crc"
"FengQ_2015","k__Bacteria|p__Fusobacteria|c__Fusobacteriia|o__Fusobacteriales|f__Fusobacteriaceae|g__Fusobacterium|s__Fusobacterium_nucleatum","Fusobacterium nucleatum",61,46,-5,-3.95122103950666,-5,-5,1.04877896049334,1.89759947893472e-06,0.000548406249412135,"enriched_in_crc"
"FengQ_2015","k__Bacteria|p__Bacteroidetes|c__Bacteroidia|o__Bacteroidales|f__Odoribacteraceae|g__Butyricimonas|s__Butyricimonas_virosa","Butyricimonas virosa",61,46,-4.0928578025517,-2.67290509383582,-5,-2.03774405923838,1.41995270871588,2.75122757325022e-05,0.00318041907467725,"enriched_in_crc"
"FengQ_2015","k__Bacteria|p__Firmicutes|c__Tissierellia|o__Tissierellales|f__Peptoniphilaceae|g__Parvimonas|s__Parvimonas_micra","Parvimonas micra",61,46,-4.78868936080572,-3.55918739440928,-5,-5,1.22950196639644,1.74227582006572e-05,0.00318041907467725,"enriched_in_crc"
"FengQ_2015","k__Bacteria|p__Bacteroidetes|c__Bacteroidia|o__Bacteroidales|f__Porphyromonadaceae|g__Porphyromonas|s__Porphyromonas_asaccharolytica","Porphyromonas asaccharolytica",61,46,-4.95529955395038,-3.96921356752034,-5,-5,0.986085986430042,2.3665039639266e-05,0.00318041907467725,"enriched_in_crc"
"FengQ_2015","k__Bacteria|p__Firmicutes|c__Erysipelotrichia|o__Erysipelotrichales|f__Erysipelotrichaceae|g__Faecalicoccus|s__Faecalicoccus_pleomorphus","Faecalicoccus pleomorphus",61,46,-4.89916049452996,-3.79745812447734,-5,-5,1.10170237005261,3.89365720636291e-05,0.00375088977546293,"enriched_in_crc"
"FengQ_2015","k__Bacteria|p__Firmicutes|c__Bacilli|o__Bacillales|f__Bacillales_unclassified|g__Gemella|s__Gemella_morbillorum","Gemella morbillorum",61,46,-4.6840879099994,-3.57041195691382,-5,-5,1.11367595308558,4.90872523357269e-05,0.00405320455000716,"enriched_in_crc"
"FengQ_2015","k__Bacteria|p__Bacteroidetes|c__Bacteroidia|o__Bacteroidales|f__Porphyromonadaceae|g__Porphyromonas|s__Porphyromonas_uenonis","Porphyromonas uenonis",61,46,-5,-4.25241000722287,-5,-5,0.747589992777127,6.34707797936101e-05,0.00458576384008833,"enriched_in_crc"
"FengQ_2015","k__Bacteria|p__Firmicutes|c__Negativicutes|o__Veillonellales|f__Veillonellaceae|g__Dialister|s__Dialister_pneumosintes","Dialister pneumosintes",61,46,-5,-4.20237027180723,-5,-5,0.797629728192769,0.000147958765644461,0.0095022407269443,"enriched_in_crc"
"FengQ_2015","k__Archaea|p__Euryarchaeota|c__Methanobacteria|o__Methanobacteriales|f__Methanobacteriaceae|g__Methanobrevibacter|s__Methanobrevibacter_smithii","Methanobrevibacter smithii",61,46,-3.63011090586112,-1.9156461822118,-5,-1.5091665640208,1.71446472364932,0.000216953442050728,0.0125399089505321,"enriched_in_crc"
"FengQ_2015","k__Bacteria|p__Firmicutes|c__Tissierellia|o__Tissierellales|f__Peptoniphilaceae|g__Anaerococcus|s__Anaerococcus_vaginalis","Anaerococcus vaginalis",61,46,-5,-4.45038690397242,-5,-5,0.549613096027579,0.000341207917272087,0.0179289251075697,"enriched_in_crc"
"FengQ_2015","k__Bacteria|p__Firmicutes|c__Clostridia|o__Clostridiales|f__Lachnospiraceae|g__Lachnospira|s__Lachnospira_pectinoschiza","Lachnospira pectinoschiza",61,46,-3.65459704835231,-2.14241932318717,-5,-1.68467390719079,1.51217772516515,0.000388136452286417,0.0186952391184624,"enriched_in_crc"
"FengQ_2015","k__Bacteria|p__Firmicutes|c__Clostridia|o__Clostridiales|f__Lachnospiraceae|g__Anaerostipes|s__Anaerostipes_hadrus","Anaerostipes hadrus",61,46,0.46102636829205,0.0412473925822508,0.545721416372481,0.181099996179494,-0.419778975709799,0.000507625819791174,0.0225698249107153,"depleted_in_crc"
"FengQ_2015","k__Bacteria|p__Bacteroidetes|c__Bacteroidia|o__Bacteroidales|f__Rikenellaceae|g__Alistipes|s__Alistipes_finegoldii","Alistipes finegoldii",61,46,-2.54510454200839,-1.09912429876209,-1.91399629438162,-1.1069424367915,1.4459802432463,0.000685794272047121,0.0283135063745168,"enriched_in_crc"
"FengQ_2015","k__Bacteria|p__Bacteroidetes|c__Bacteroidia|o__Bacteroidales|f__Tannerellaceae|g__Parabacteroides|s__Parabacteroides_merdae","Parabacteroides merdae",61,46,-2.80004076017842,-1.46764560527313,-2.26360349772336,-0.776571154783725,1.33239515490528,0.000767349422071282,0.0295685310638134,"enriched_in_crc"
"FengQ_2015","k__Bacteria|p__Firmicutes|c__Clostridia|o__Clostridiales|f__Ruminococcaceae|g__Ruminococcaceae_unclassified|s__Ruminococcaceae_bacterium_D16","Ruminococcaceae bacterium D16",61,46,-4.69340807667497,-3.79457158021636,-5,-5,0.898836496458608,0.000866950692366463,0.0313185937617385,"enriched_in_crc"
"FengQ_2015","k__Bacteria|p__Firmicutes|c__Bacilli|o__Lactobacillales|f__Lactobacillaceae|g__Lactobacillus|s__Lactobacillus_rogosae","Lactobacillus rogosae",61,46,-4.38616048402079,-3.49304974249193,-5,-4.17339374311233,0.893110741528862,0.00128272497321944,0.0436126490894608,"enriched_in_crc"
"FengQ_2015","k__Bacteria|p__Firmicutes|c__Clostridia|o__Clostridiales|f__Clostridiales_unclassified|g__Lawsonibacter|s__Lawsonibacter_asaccharolyticus","Lawsonibacter asaccharolyticus",61,46,-3.03860409029605,-2.08326166945966,-2.56224943717961,-1.54055091849562,0.955342420836389,0.0013837711708081,0.0444344298181713,"enriched_in_crc"
"FengQ_2015","k__Bacteria|p__Firmicutes|c__Clostridia|o__Clostridiales|f__Clostridiaceae|g__Hungatella|s__Hungatella_hathewayi","Hungatella hathewayi",61,46,-4.21926081410816,-3.3298301832211,-5,-3.17470055091367,0.889430630887068,0.00149565218512146,0.045499313842116,"enriched_in_crc"
"FengQ_2015","k__Bacteria|p__Bacteroidetes|c__Bacteroidia|o__Bacteroidales|f__Bacteroidaceae|g__Bacteroides|s__Bacteroides_eggerthii","Bacteroides eggerthii",61,46,-3.91561569121901,-2.63499354126703,-5,-2.32762314610463,1.28062214995197,0.00166523018914915,0.0478486955287174,"enriched_in_crc"
"GuptaA_2019","k__Bacteria|p__Firmicutes|c__Clostridia|o__Clostridiales|f__Lachnospiraceae|g__Roseburia|s__Roseburia_faecis","Roseburia faecis",30,30,-0.90302825948929,-4.01308499719748,-0.336584005940771,-5,-3.11005673770819,7.85289749081499e-07,0.000241869242717102,"depleted_in_crc"
"GuptaA_2019","k__Bacteria|p__Firmicutes|c__Clostridia|o__Clostridiales|f__Ruminococcaceae|g__Flavonifractor|s__Flavonifractor_plautii","Flavonifractor plautii",30,30,-4.47996749778725,-1.71397350240568,-5,-0.666390129770267,2.76599399538157,2.41019371459234e-06,0.000371169832047221,"enriched_in_crc"
"GuptaA_2019","k__Bacteria|p__Firmicutes|c__Clostridia|o__Clostridiales|f__Lachnospiraceae|g__Lachnospiraceae_unclassified|s__Eubacterium_rectale","[Eubacterium] rectale",30,30,-0.499222739469988,-3.17367884065675,0.182746855232157,-5,-2.67445610118677,4.8503864674501e-06,0.00049797301065821,"depleted_in_crc"
"GuptaA_2019","k__Bacteria|p__Bacteroidetes|c__Bacteroidia|o__Bacteroidales|f__Bacteroidaceae|g__Bacteroides|s__Bacteroides_thetaiotaomicron","Bacteroides thetaiotaomicron",30,30,-3.24374518138429,-1.02800834381522,-5,-0.299905165048317,2.21573683756906,7.39602911495912e-06,0.000558766818286292,"enriched_in_crc"
"GuptaA_2019","k__Bacteria|p__Bacteroidetes|c__Bacteroidia|o__Bacteroidales|f__Prevotellaceae|g__Prevotella|s__Prevotella_copri","Prevotella copri",30,30,0.544023618709573,-0.944691376439823,1.66845537966303,-0.085885251114819,-1.4887149951494,9.07088990724499e-06,0.000558766818286292,"depleted_in_crc"
"GuptaA_2019","k__Bacteria|p__Firmicutes|c__Clostridia|o__Clostridiales|f__Ruminococcaceae|g__Ruthenibacterium|s__Ruthenibacterium_lactatiformans","Ruthenibacterium lactatiformans",30,30,-4.6394917066274,-2.03413740316604,-5,-0.898770151317978,2.60535430346136,1.48787180987282e-05,0.000763774195734714,"enriched_in_crc"
"GuptaA_2019","k__Bacteria|p__Bacteroidetes|c__Bacteroidia|o__Bacteroidales|f__Bacteroidaceae|g__Bacteroides|s__Bacteroides_fragilis","Bacteroides fragilis",30,30,-3.91384172360567,-1.1438725022995,-5,-0.504734209479997,2.76996922130617,4.05068577972189e-05,0.00138623468906038,"enriched_in_crc"
"GuptaA_2019","k__Bacteria|p__Bacteroidetes|c__Bacteroidia|o__Bacteroidales|f__Bacteroidaceae|g__Bacteroides|s__Bacteroides_eggerthii","Bacteroides eggerthii",30,30,-4.89755494325377,-2.53545029735376,-5,-3.22004668748194,2.36210464590001,3.75305157782658e-05,0.00138623468906038,"enriched_in_crc"
"GuptaA_2019","k__Bacteria|p__Bacteroidetes|c__Bacteroidia|o__Bacteroidales|f__Bacteroidaceae|g__Bacteroides|s__Bacteroides_intestinalis","Bacteroides intestinalis",30,30,-4.91228520769956,-2.65427482366912,-5,-3.30594939921474,2.25801038403044,3.75305157782658e-05,0.00138623468906038,"enriched_in_crc"
"GuptaA_2019","k__Bacteria|p__Firmicutes|c__Bacilli|o__Lactobacillales|f__Lactobacillaceae|g__Lactobacillus|s__Lactobacillus_ruminis","Ligilactobacillus ruminis",30,30,-1.80535313136691,-4.12713568943658,-0.781258230683494,-5,-2.32178255806967,4.88804819858836e-05,0.00150551884516522,"depleted_in_crc"
"GuptaA_2019","k__Bacteria|p__Firmicutes|c__Negativicutes|o__Veillonellales|f__Veillonellaceae|g__Veillonella|s__Veillonella_parvula","Veillonella parvula",30,30,-4.50496986972197,-2.22780966775112,-5,-1.11527748235786,2.27716020197085,0.000129519362174575,0.00361037244162973,"enriched_in_crc"
"GuptaA_2019","k__Bacteria|p__Bacteroidetes|c__Bacteroidia|o__Bacteroidales|f__Odoribacteraceae|g__Butyricimonas|s__Butyricimonas_virosa","Butyricimonas virosa",30,30,-4.64764605399709,-2.70973283575327,-5,-1.8567706423412,1.93791321824382,0.000140663861362197,0.00361037244162973,"enriched_in_crc"
"GuptaA_2019","k__Bacteria|p__Firmicutes|c__Clostridia|o__Clostridiales|f__Ruminococcaceae|g__Faecalibacterium|s__Faecalibacterium_prausnitzii","Faecalibacterium prausnitzii",30,30,0.0358450436541792,-1.70560583952894,0.231707473447094,-0.481886164468776,-1.74145088318312,0.000267044263297955,0.005874973792555,"depleted_in_crc"
"GuptaA_2019","k__Bacteria|p__Bacteroidetes|c__Bacteroidia|o__Bacteroidales|f__Odoribacteraceae|g__Odoribacter|s__Odoribacter_splanchnicus","Odoribacter splanchnicus",30,30,-2.6738155573356,-1.11158606471781,-1.65206346720767,-0.179115935469673,1.5622294926178,0.000253780050711137,0.005874973792555,"enriched_in_crc"
"GuptaA_2019","k__Bacteria|p__Actinobacteria|c__Actinobacteria|o__Bifidobacteriales|f__Bifidobacteriaceae|g__Bifidobacterium|s__Bifidobacterium_adolescentis","Bifidobacterium adolescentis",30,30,-0.964954506715508,-3.20083633557019,-0.196132238079231,-5,-2.23588182885469,0.000339231823153996,0.00653021259571442,"depleted_in_crc"
"GuptaA_2019","k__Bacteria|p__Bacteroidetes|c__Bacteroidia|o__Bacteroidales|f__Tannerellaceae|g__Parabacteroides|s__Parabacteroides_distasonis","Parabacteroides distasonis",30,30,-2.56604990052414,-0.883262710801869,-1.42573908301674,0.0997446745460266,1.68278718972227,0.000321888949241856,0.00653021259571442,"enriched_in_crc"
"GuptaA_2019","k__Bacteria|p__Firmicutes|c__Clostridia|o__Clostridiales|f__Lachnospiraceae|g__Roseburia|s__Roseburia_intestinalis","Roseburia intestinalis",30,30,-3.05970722357761,-4.74687693524521,-5,-5,-1.6871697116676,0.000490656948869082,0.00888954942656926,"depleted_in_crc"
"GuptaA_2019","k__Bacteria|p__Verrucomicrobia|c__Verrucomicrobiae|o__Verrucomicrobiales|f__Akkermansiaceae|g__Akkermansia|s__Akkermansia_muciniphila","Akkermansia muciniphila",30,30,-4.11110028973169,-1.89223474819448,-5,-1.18984100843669,2.21886554153721,0.000531306300769357,0.00909124114649788,"enriched_in_crc"
"GuptaA_2019","k__Bacteria|p__Firmicutes|c__Negativicutes|o__Veillonellales|f__Veillonellaceae|g__Megasphaera|s__Megasphaera_elsdenii","Megasphaera elsdenii",30,30,-1.47801516088974,-3.67539612430074,-0.784932528619377,-5,-2.197380963411,0.000600412206808518,0.00970455068922666,"depleted_in_crc"
"GuptaA_2019","k__Bacteria|p__Firmicutes|c__Clostridia|o__Clostridiales|f__Lachnospiraceae|g__Lachnoclostridium|s__Clostridium_bolteae","Enterocloster bolteae",30,30,-5,-3.52386339708405,-5,-5,1.47613660291595,0.00066167391062909,0.00970455068922666,"enriched_in_crc"
"HanniganGD_2017","k__Bacteria|p__Firmicutes|c__Clostridia|o__Clostridiales|f__Lachnospiraceae|g__Roseburia|s__Roseburia_faecis","Roseburia faecis",28,27,-3.56968683887128,-1.88399213550406,-5,-0.388244837819919,1.68569470336722,0.0110176590358743,0.603755256088651,"enriched_in_crc"
"HanniganGD_2017","k__Bacteria|p__Firmicutes|c__Clostridia|o__Clostridiales|f__Lachnospiraceae|g__Blautia|s__Ruminococcus_gnavus","[Ruminococcus] gnavus",28,27,-3.08663862179115,-1.61844565121462,-5,-0.442095978942434,1.46819297057653,0.0316491627508937,0.603755256088651,"enriched_in_crc"
"HanniganGD_2017","k__Bacteria|p__Actinobacteria|c__Actinobacteria|o__Bifidobacteriales|f__Bifidobacteriaceae|g__Bifidobacterium|s__Bifidobacterium_adolescentis","Bifidobacterium adolescentis",28,27,-4.11706985010987,-2.77500211161632,-5,-5,1.34206773849355,0.0604076251762909,0.603755256088651,"enriched_in_crc"
"HanniganGD_2017","k__Bacteria|p__Firmicutes|c__Clostridia|o__Clostridiales|f__Lachnospiraceae|g__Blautia|s__Blautia_sp_CAG_257","Blautia sp. CAG:257",28,27,-3.7077714373275,-2.38579143763266,-5,-1.09636748391576,1.32197999969484,0.043437529815607,0.603755256088651,"enriched_in_crc"
"HanniganGD_2017","k__Bacteria|p__Firmicutes|c__Clostridia|o__Clostridiales|f__Ruminococcaceae|g__Ruthenibacterium|s__Ruthenibacterium_lactatiformans","Ruthenibacterium lactatiformans",28,27,-0.908963707181585,-2.17609765855224,-0.445667542909514,-0.802306024916076,-1.26713395137065,0.0446134898122879,0.603755256088651,"depleted_in_crc"
"HanniganGD_2017","k__Bacteria|p__Firmicutes|c__Bacilli|o__Lactobacillales|f__Streptococcaceae|g__Streptococcus|s__Streptococcus_salivarius","Streptococcus salivarius",28,27,-1.08844162149715,-2.24265019237126,-0.544913606133671,-1.42113167133397,-1.1542085708741,0.0519284926812629,0.603755256088651,"depleted_in_crc"
"HanniganGD_2017","k__Bacteria|p__Bacteroidetes|c__Bacteroidia|o__Bacteroidales|f__Bacteroidaceae|g__Bacteroides|s__Bacteroides_uniformis","Bacteroides uniformis",28,27,-1.53667827704043,-2.6169143983399,-0.657436434536516,-1.66334017654558,-1.08023612129946,0.0976264533935596,0.603755256088651,"depleted_in_crc"
"HanniganGD_2017","k__Bacteria|p__Firmicutes|c__Bacilli|o__Lactobacillales|f__Streptococcaceae|g__Streptococcus|s__Streptococcus_parasanguinis","Streptococcus parasanguinis",28,27,-1.80879380421741,-2.82399497215607,-0.954522170672086,-2.32239304727951,-1.01520116793866,0.133309804669036,0.603755256088651,"depleted_in_crc"
"HanniganGD_2017","k__Bacteria|p__Firmicutes|c__Clostridia|o__Clostridiales|f__Ruminococcaceae|g__Gemmiger|s__Gemmiger_formicilis","Gemmiger formicilis",28,27,-2.07575710383176,-3.05782360770926,-1.24608447292039,-5,-0.982066503877497,0.0849958081974975,0.603755256088651,"depleted_in_crc"
"HanniganGD_2017","k__Bacteria|p__Firmicutes|c__Clostridia|o__Clostridiales|f__Clostridiales_unclassified|g__Monoglobus|s__Monoglobus_pectinilyticus","Monoglobus pectinilyticus",28,27,-2.7957435910949,-3.74479851383777,-5,-5,-0.949054922742863,0.109861311302348,0.603755256088651,"depleted_in_crc"
"HanniganGD_2017","k__Bacteria|p__Bacteroidetes|c__Bacteroidia|o__Bacteroidales|f__Bacteroidaceae|g__Bacteroides|s__Bacteroides_thetaiotaomicron","Bacteroides thetaiotaomicron",28,27,-3.43247239514127,-4.291847292024,-5,-5,-0.859374896882729,0.0962723789105268,0.603755256088651,"depleted_in_crc"
"HanniganGD_2017","k__Bacteria|p__Firmicutes|c__Firmicutes_unclassified|o__Firmicutes_unclassified|f__Firmicutes_unclassified|g__Firmicutes_unclassified|s__Firmicutes_bacterium_CAG_424","Firmicutes bacterium CAG:424",28,27,-4.82989844466834,-3.98682293492207,-5,-5,0.843075509746265,0.0390028829162385,0.603755256088651,"enriched_in_crc"
"HanniganGD_2017","k__Bacteria|p__Actinobacteria|c__Coriobacteriia|o__Eggerthellales|f__Eggerthellaceae|g__Eggerthella|s__Eggerthella_lenta","Eggerthella lenta",28,27,-1.46108279820644,-2.27029694928372,-0.375770828867126,-0.982799656476165,-0.809214151077282,0.175765481306348,0.603755256088651,"depleted_in_crc"
"HanniganGD_2017","k__Bacteria|p__Firmicutes|c__Firmicutes_unclassified|o__Firmicutes_unclassified|f__Firmicutes_unclassified|g__Firmicutes_unclassified|s__Firmicutes_bacterium_CAG_110","Firmicutes bacterium CAG:110",28,27,-4.21977623885127,-5,-5,-5,-0.780223761148731,0.0237143367933274,0.603755256088651,"depleted_in_crc"
"HanniganGD_2017","k__Bacteria|p__Bacteroidetes|c__Bacteroidia|o__Bacteroidales|f__Bacteroidaceae|g__Bacteroides|s__Bacteroides_eggerthii","Bacteroides eggerthii",28,27,-3.88037735781609,-4.62581787318065,-5,-5,-0.745440515364554,0.0944235972262716,0.603755256088651,"depleted_in_crc"
"HanniganGD_2017","k__Bacteria|p__Bacteroidetes|c__Bacteroidia|o__Bacteroidales|f__Bacteroidaceae|g__Bacteroides|s__Bacteroides_dorei","Phocaeicola dorei",28,27,-3.55028513710774,-4.28604570320539,-5,-5,-0.735760566097649,0.161096563231081,0.603755256088651,"depleted_in_crc"
"HanniganGD_2017","k__Bacteria|p__Firmicutes|c__Erysipelotrichia|o__Erysipelotrichales|f__Erysipelotrichaceae|g__Holdemanella|s__Holdemanella_biformis","Holdemanella biformis",28,27,-4.04407735003908,-4.77808805478618,-5,-5,-0.734010704747093,0.0648759773807548,0.603755256088651,"depleted_in_crc"
"HanniganGD_2017","k__Bacteria|p__Bacteroidetes|c__Bacteroidia|o__Bacteroidales|f__Tannerellaceae|g__Parabacteroides|s__Parabacteroides_merdae","Parabacteroides merdae",28,27,-4.01705941472899,-3.33857582933492,-5,-5,0.678483585394069,0.205994157425699,0.603755256088651,"enriched_in_crc"
"HanniganGD_2017","k__Bacteria|p__Actinobacteria|c__Actinobacteria|o__Bifidobacteriales|f__Bifidobacteriaceae|g__Bifidobacterium|s__Bifidobacterium_pseudocatenulatum","Bifidobacterium pseudocatenulatum",28,27,-3.40034600396651,-4.06464779131968,-5,-5,-0.664301787353168,0.31449322791693,0.603755256088651,"depleted_in_crc"
"HanniganGD_2017","k__Bacteria|p__Bacteroidetes|c__Bacteroidia|o__Bacteroidales|f__Bacteroidaceae|g__Bacteroides|s__Bacteroides_xylanisolvens","Bacteroides xylanisolvens",28,27,-4.20747169206687,-4.82512026202937,-5,-5,-0.617648569962505,0.102447306569043,0.603755256088651,"depleted_in_crc"
"ThomasAM_2018a","k__Bacteria|p__Proteobacteria|c__Gammaproteobacteria|o__Enterobacterales|f__Enterobacteriaceae|g__Escherichia|s__Escherichia_coli","Escherichia coli",24,29,-1.70369190021517,-0.122730684393624,-1.29611113066684,-0.0239206794939525,1.58096121582154,0.00309203730867701,0.448345409758167,"enriched_in_crc"
"ThomasAM_2018a","k__Bacteria|p__Firmicutes|c__Firmicutes_unclassified|o__Firmicutes_unclassified|f__Firmicutes_unclassified|g__Firmicutes_unclassified|s__Firmicutes_bacterium_CAG_145","Firmicutes bacterium CAG:145",24,29,-4.60653738559798,-3.24656850772938,-5,-3.38721614328026,1.3599688778686,0.00273422146876744,0.448345409758167,"enriched_in_crc"
"ThomasAM_2018a","k__Bacteria|p__Actinobacteria|c__Coriobacteriia|o__Coriobacteriales|f__Coriobacteriaceae|g__Enorma|s__Enorma_massiliensis","Enorma massiliensis",24,29,-3.79408650912654,-4.72191118595861,-5,-5,-0.927824676832065,0.002654412844875,0.448345409758167,"depleted_in_crc"
"ThomasAM_2018a","k__Bacteria|p__Firmicutes|c__Clostridia|o__Clostridiales|f__Eubacteriaceae|g__Eubacterium|s__Eubacterium_eligens","Lachnospira eligens",24,29,-1.31383725576293,-3.00444494599375,-0.590377275503002,-2.56863623584101,-1.69060769023082,0.00444534270289997,0.483431018940371,"depleted_in_crc"
"ThomasAM_2018a","k__Bacteria|p__Firmicutes|c__Negativicutes|o__Veillonellales|f__Veillonellaceae|g__Dialister|s__Dialister_sp_CAG_357","Dialister sp. CAG:357",24,29,-3.45859224218703,-4.81773257640831,-5,-5,-1.35914033422129,0.0102461410885582,0.633992714551047,"depleted_in_crc"
"ThomasAM_2018a","k__Bacteria|p__Firmicutes|c__Clostridia|o__Clostridiales|f__Ruminococcaceae|g__Ruminococcus|s__Ruminococcus_bromii","Ruminococcus bromii",24,29,-1.94121866825478,-3.17176673567615,-0.888602637238543,-5,-1.23054806742138,0.0810494789749001,0.633992714551047,"depleted_in_crc"
"ThomasAM_2018a","k__Bacteria|p__Actinobacteria|c__Actinobacteria|o__Bifidobacteriales|f__Bifidobacteriaceae|g__Bifidobacterium|s__Bifidobacterium_adolescentis","Bifidobacterium adolescentis",24,29,-1.95776022830788,-3.06517872729138,-0.408139264942966,-5,-1.1074184989835,0.0493046274174579,0.633992714551047,"depleted_in_crc"
"ThomasAM_2018a","k__Bacteria|p__Proteobacteria|c__Gammaproteobacteria|o__Pseudomonadales|f__Pseudomonadaceae|g__Pseudomonas|s__Pseudomonas_aeruginosa_group",NA,24,29,-4.95503411474802,-3.87043559949972,-5,-5,1.0845985152483,0.0375488863918541,0.633992714551047,"enriched_in_crc"
"ThomasAM_2018a","k__Bacteria|p__Firmicutes|c__Clostridia|o__Clostridiales|f__Lachnospiraceae|g__Lachnoclostridium|s__Clostridium_symbiosum","[Clostridium] symbiosum",24,29,-4.25278435099333,-3.1692086096514,-5,-5,1.08357574134194,0.0455735360040431,0.633992714551047,"enriched_in_crc"
"ThomasAM_2018a","k__Bacteria|p__Bacteroidetes|c__Bacteroidia|o__Bacteroidales|f__Prevotellaceae|g__Prevotella|s__Prevotella_sp_CAG_279","Prevotella sp. CAG:279",24,29,-5,-3.9526053331593,-5,-5,1.0473946668407,0.0202238169597503,0.633992714551047,"enriched_in_crc"
"ThomasAM_2018a","k__Bacteria|p__Firmicutes|c__Bacilli|o__Lactobacillales|f__Streptococcaceae|g__Streptococcus|s__Streptococcus_salivarius","Streptococcus salivarius",24,29,-3.32206606336545,-4.36549511598358,-4.02775866392492,-5,-1.04342905261813,0.0182231136488188,0.633992714551047,"depleted_in_crc"
"ThomasAM_2018a","k__Bacteria|p__Firmicutes|c__Clostridia|o__Clostridiales|f__Lachnospiraceae|g__Lachnospiraceae_unclassified|s__Eubacterium_rectale","[Eubacterium] rectale",24,29,-1.6106356316686,-2.635259764607,-0.794040538669759,-2.30016227413275,-1.0246241329384,0.150982467535855,0.633992714551047,"depleted_in_crc"
"ThomasAM_2018a","k__Bacteria|p__Proteobacteria|c__Betaproteobacteria|o__Burkholderiales|f__Sutterellaceae|g__Parasutterella|s__Parasutterella_excrementihominis","Parasutterella excrementihominis",24,29,-2.22477005708959,-3.24876509557463,-1.60233505650524,-5,-1.02399503848503,0.110523094191392,0.633992714551047,"depleted_in_crc"
"ThomasAM_2018a","k__Bacteria|p__Firmicutes|c__Clostridia|o__Clostridiales|f__Lachnospiraceae|g__Eisenbergiella|s__Eisenbergiella_tayi","Eisenbergiella tayi",24,29,-4.30615163133248,-3.30260465795249,-5,-2.74472749489669,1.00354697337999,0.0289115978916187,0.633992714551047,"enriched_in_crc"
"ThomasAM_2018a","k__Bacteria|p__Bacteroidetes|c__Bacteroidia|o__Bacteroidales|f__Bacteroidaceae|g__Bacteroides|s__Bacteroides_fragilis","Bacteroides fragilis",24,29,-3.41133766697433,-2.42270296654111,-5,-1.77443228656053,0.988634700433223,0.136224907501298,0.633992714551047,"enriched_in_crc"
"ThomasAM_2018a","k__Bacteria|p__Actinobacteria|c__Coriobacteriia|o__Eggerthellales|f__Eggerthellaceae|g__Gordonibacter|s__Gordonibacter_pamelaeae","Gordonibacter pamelaeae",24,29,-2.70601561885128,-3.66078805218982,-2.15950654015026,-5,-0.954772433338539,0.0264963487134144,0.633992714551047,"depleted_in_crc"
"ThomasAM_2018a","k__Bacteria|p__Firmicutes|c__Firmicutes_unclassified|o__Firmicutes_unclassified|f__Firmicutes_unclassified|g__Firmicutes_unclassified|s__Firmicutes_bacterium_CAG_110","Firmicutes bacterium CAG:110",24,29,-2.85530563500404,-3.80204945089585,-5,-5,-0.946743815891805,0.133746191418495,0.633992714551047,"depleted_in_crc"
"ThomasAM_2018a","k__Bacteria|p__Firmicutes|c__Clostridia|o__Clostridiales|f__Eubacteriaceae|g__Eubacterium|s__Eubacterium_hallii","Anaerobutyricum hallii",24,29,-3.22825654432298,-4.16669549779276,-2.8310608110994,-5,-0.938438953469781,0.0525588896696267,0.633992714551047,"depleted_in_crc"
"ThomasAM_2018a","k__Bacteria|p__Actinobacteria|c__Coriobacteriia|o__Eggerthellales|f__Eggerthellaceae|g__Adlercreutzia|s__Adlercreutzia_equolifaciens","Adlercreutzia equolifaciens",24,29,-3.1119037231724,-4.02941439137692,-2.23054355304816,-5,-0.917510668204521,0.0494319184033671,0.633992714551047,"depleted_in_crc"
"ThomasAM_2018a","k__Bacteria|p__Actinobacteria|c__Actinobacteria|o__Bifidobacteriales|f__Bifidobacteriaceae|g__Bifidobacterium|s__Bifidobacterium_pseudocatenulatum","Bifidobacterium pseudocatenulatum",24,29,-3.59288955012073,-4.50152628597188,-5,-5,-0.908636735851152,0.069323491681973,0.633992714551047,"depleted_in_crc"
"ThomasAM_2018b","k__Bacteria|p__Firmicutes|c__Tissierellia|o__Tissierellales|f__Peptoniphilaceae|g__Parvimonas|s__Parvimonas_micra","Parvimonas micra",28,32,-5,-3.25105696274899,-5,-3.97733851060667,1.74894303725101,2.08936083023409e-05,0.0105094849760775,"enriched_in_crc"
"ThomasAM_2018b","k__Bacteria|p__Firmicutes|c__Bacilli|o__Bacillales|f__Bacillales_unclassified|g__Gemella|s__Gemella_morbillorum","Gemella morbillorum",28,32,-5,-3.4103002967187,-5,-5,1.5896997032813,4.45819104587307e-05,0.0112123504803708,"enriched_in_crc"
"ThomasAM_2018b","k__Bacteria|p__Firmicutes|c__Clostridia|o__Clostridiales|f__Peptostreptococcaceae|g__Peptostreptococcus|s__Peptostreptococcus_stomatis","Peptostreptococcus stomatis",28,32,-5,-3.28127458383949,-5,-5,1.71872541616051,9.3075142231288e-05,0.015605598847446,"enriched_in_crc"
"ThomasAM_2018b","k__Archaea|p__Euryarchaeota|c__Methanobacteria|o__Methanobacteriales|f__Methanobacteriaceae|g__Methanobrevibacter|s__Methanobrevibacter_smithii","Methanobrevibacter smithii",28,32,-3.62486244494942,-1.64538201648234,-5,-0.352736929169935,1.97948042846708,0.000928212534333012,0.116722726192376,"enriched_in_crc"
"ThomasAM_2018b","k__Bacteria|p__Bacteroidetes|c__Bacteroidia|o__Bacteroidales|f__Porphyromonadaceae|g__Sanguibacteroides|s__Sanguibacteroides_justesenii","Sanguibacteroides justesenii",28,32,-5,-4.01304494440263,-5,-5,0.986955055597369,0.00275947276540467,0.27760296019971,"enriched_in_crc"
"ThomasAM_2018b","k__Bacteria|p__Firmicutes|c__Clostridia|o__Clostridiales|f__Clostridiales_Family_XIII_Incertae_Sedis|g__Mogibacterium|s__Mogibacterium_diversum","Mogibacterium diversum",28,32,-3.25086703201449,-2.36529845226154,-2.7564025213043,-1.89347499611388,0.885568579752946,0.00930971730535063,0.534264127145682,"enriched_in_crc"
"ThomasAM_2018b","k__Bacteria|p__Bacteroidetes|c__Bacteroidia|o__Bacteroidales|f__Odoribacteraceae|g__Odoribacter|s__Odoribacter_splanchnicus","Odoribacter splanchnicus",28,32,-1.15939526305458,-0.481225428679202,-0.670981344333337,-0.445041912708617,0.678169834375381,0.00853264089559445,0.534264127145682,"enriched_in_crc"
"ThomasAM_2018b","k__Bacteria|p__Firmicutes|c__Clostridia|o__Clostridiales|f__Clostridiales_Family_XIII_Incertae_Sedis|g__Clostridiales_Family_XIII_Incertae_Sedis_unclassified|s__Eubacterium_nodatum","[Eubacterium] nodatum",28,32,-5,-4.36214316555344,-5,-5,0.63785683444656,0.00955939790121499,0.534264127145682,"enriched_in_crc"
"ThomasAM_2018b","k__Bacteria|p__Firmicutes|c__Clostridia|o__Clostridiales|f__Clostridiales_Family_XIII_Incertae_Sedis|g__Mogibacterium|s__Mogibacterium_pumilum","Mogibacterium pumilum",28,32,-5,-4.50617378569931,-5,-5,0.493826214300693,0.00955939790121499,0.534264127145682,"enriched_in_crc"
"ThomasAM_2018b","k__Bacteria|p__Firmicutes|c__Bacilli|o__Lactobacillales|f__Streptococcaceae|g__Streptococcus|s__Streptococcus_anginosus_group",NA,28,32,-3.95568685711999,-2.79005085560602,-5,-2.11470432162564,1.16563600151397,0.0114289041150527,0.574873876987151,"enriched_in_crc"
"ThomasAM_2018b","k__Bacteria|p__Bacteroidetes|c__Bacteroidia|o__Bacteroidales|f__Bacteroidaceae|g__Bacteroides|s__Bacteroides_dorei","Phocaeicola dorei",28,32,-0.994349296115851,-2.35980652401625,-0.257053051652231,-1.6634701838506,-1.3654572279004,0.0156586810989501,0.588188402484957,"depleted_in_crc"
"ThomasAM_2018b","k__Bacteria|p__Firmicutes|c__Erysipelotrichia|o__Erysipelotrichales|f__Erysipelotrichaceae|g__Solobacterium|s__Solobacterium_moorei","Solobacterium moorei",28,32,-4.65737510962522,-3.72169855206791,-5,-5,0.935676557557316,0.0187097702579708,0.588188402484957,"enriched_in_crc"
"ThomasAM_2018b","k__Bacteria|p__Firmicutes|c__Clostridia|o__Clostridiales|f__Ruminococcaceae|g__Ruminococcaceae_unclassified|s__Ruminococcaceae_bacterium_D5","Ruminococcaceae bacterium D5",28,32,-4.79295745206671,-3.97460319439058,-5,-5,0.818354257676133,0.0180380502611579,0.588188402484957,"enriched_in_crc"
"ThomasAM_2018b","k__Bacteria|p__Bacteroidetes|c__Bacteroidia|o__Bacteroidales|f__Prevotellaceae|g__Prevotella|s__Prevotella_stercorea","Prevotella stercorea",28,32,-5,-4.25324916453849,-5,-5,0.746750835461514,0.0174783721696394,0.588188402484957,"enriched_in_crc"
"ThomasAM_2018b","k__Bacteria|p__Fusobacteria|c__Fusobacteriia|o__Fusobacteriales|f__Fusobacteriaceae|g__Fusobacterium|s__Fusobacterium_nucleatum","Fusobacterium nucleatum",28,32,-5,-4.41143971226249,-5,-5,0.588560287737513,0.0174783721696394,0.588188402484957,"enriched_in_crc"
"ThomasAM_2018b","k__Bacteria|p__Firmicutes|c__Clostridia|o__Clostridiales|f__Ruminococcaceae|g__Ruthenibacterium|s__Ruthenibacterium_lactatiformans","Ruthenibacterium lactatiformans",28,32,-1.63074867769744,-1.15789923863159,-1.42050297411611,-1.05456859907774,0.472849439065848,0.018102982852633,0.588188402484957,"enriched_in_crc"
"ThomasAM_2018b","k__Bacteria|p__Firmicutes|c__Clostridia|o__Clostridiales|f__Eubacteriaceae|g__Eubacterium|s__Eubacterium_ventriosum","Eubacterium ventriosum",28,32,-3.3029106373858,-1.77977663221577,-5,-1.1429901255046,1.52313400517003,0.0208466405216912,0.616815304847687,"enriched_in_crc"
"ThomasAM_2018b","k__Bacteria|p__Proteobacteria|c__Gammaproteobacteria|o__Enterobacterales|f__Enterobacteriaceae|g__Escherichia|s__Escherichia_coli","Escherichia coli",28,32,-2.48950240664724,-1.08129274089726,-1.57868995158155,-0.686338864342192,1.40820966574998,0.0309303605659312,0.638850576195719,"enriched_in_crc"
"ThomasAM_2018b","k__Bacteria|p__Actinobacteria|c__Actinobacteria|o__Bifidobacteriales|f__Bifidobacteriaceae|g__Bifidobacterium|s__Bifidobacterium_pseudocatenulatum","Bifidobacterium pseudocatenulatum",28,32,-2.65970117242537,-3.78784992607969,-1.98481349800883,-5,-1.12814875365432,0.0483202754121654,0.638850576195719,"depleted_in_crc"
"ThomasAM_2018b","k__Bacteria|p__Firmicutes|c__Clostridia|o__Clostridiales|f__Ruminococcaceae|g__Ruminococcaceae_unclassified|s__Eubacterium_siraeum","[Eubacterium] siraeum",28,32,-3.11778162314433,-1.99270074316748,-5,-0.834371400012597,1.12508087997685,0.0741799247404691,0.638850576195719,"enriched_in_crc"
"ThomasAM_2019_c","k__Bacteria|p__Firmicutes|c__Bacilli|o__Bacillales|f__Bacillales_unclassified|g__Gemella|s__Gemella_morbillorum","Gemella morbillorum",40,40,-4.86079862554578,-3.07376441228915,-5,-2.56167173320752,1.78703421325664,1.31529284162433e-06,0.000682636984803025,"enriched_in_crc"
"ThomasAM_2019_c","k__Bacteria|p__Firmicutes|c__Tissierellia|o__Tissierellales|f__Peptoniphilaceae|g__Parvimonas|s__Parvimonas_micra","Parvimonas micra",40,40,-4.36018458677204,-2.63520221119154,-5,-2.17026533917835,1.7249823755805,6.15181468776617e-06,0.00159639591147532,"enriched_in_crc"
"ThomasAM_2019_c","k__Bacteria|p__Bacteroidetes|c__Bacteroidia|o__Bacteroidales|f__Rikenellaceae|g__Alistipes|s__Alistipes_shahii","Alistipes shahii",40,40,-3.74294895040397,-2.00791647772625,-5,-1.09524195950111,1.73503247267772,2.70667547004543e-05,0.00468254856317859,"enriched_in_crc"
"ThomasAM_2019_c","k__Bacteria|p__Firmicutes|c__Clostridia|o__Clostridiales|f__Peptostreptococcaceae|g__Peptostreptococcus|s__Peptostreptococcus_stomatis","Peptostreptococcus stomatis",40,40,-4.73956883671676,-3.38444678258623,-5,-5,1.35512205413053,0.000237546212564662,0.0308216210802649,"enriched_in_crc"
"ThomasAM_2019_c","k__Bacteria|p__Firmicutes|c__Clostridia|o__Clostridiales|f__Ruminococcaceae|g__Ruthenibacterium|s__Ruthenibacterium_lactatiformans","Ruthenibacterium lactatiformans",40,40,-2.07649343301899,-1.09165782917616,-1.50372765918058,-0.787237281647137,0.984835603842831,0.000370701894371236,0.0384788566357343,"enriched_in_crc"
"ThomasAM_2019_c","k__Bacteria|p__Firmicutes|c__Clostridia|o__Clostridiales|f__Ruminococcaceae|g__Anaerotruncus|s__Anaerotruncus_colihominis","Anaerotruncus colihominis",40,40,-4.42465923115715,-3.14061287983856,-5,-2.77152865762506,1.28404635131859,0.000613896978582815,0.0531020886474135,"enriched_in_crc"
"ThomasAM_2019_c","k__Bacteria|p__Proteobacteria|c__Deltaproteobacteria|o__Desulfovibrionales|f__Desulfovibrionaceae|g__Desulfovibrionaceae_unclassified|s__Desulfovibrionaceae_bacterium","Desulfovibrionaceae bacterium",40,40,-5,-4.24456355264516,-5,-5,0.755436447354842,0.00319729813901703,0.20742471676873,"enriched_in_crc"
"ThomasAM_2019_c","k__Bacteria|p__Firmicutes|c__Clostridia|o__Clostridiales|f__Catabacteriaceae|g__Catabacter|s__Catabacter_hongkongensis","Christensenella hongkongensis",40,40,-4.88421289111535,-4.21820201648247,-5,-5,0.666010874632884,0.00296294409779476,0.20742471676873,"enriched_in_crc"
"ThomasAM_2019_c","k__Bacteria|p__Actinobacteria|c__Coriobacteriia|o__Coriobacteriales|f__Coriobacteriaceae|g__Collinsella|s__Collinsella_aerofaciens","Collinsella aerofaciens",40,40,-1.70851391564198,-0.555802403542914,-0.37326383010066,0.0669016839376207,1.15271151209906,0.0103304189239525,0.291797959209049,"enriched_in_crc"
"ThomasAM_2019_c","k__Bacteria|p__Bacteroidetes|c__Bacteroidia|o__Bacteroidales|f__Prevotellaceae|g__Prevotella|s__Prevotella_stercorea","Prevotella stercorea",40,40,-4.56901013080436,-3.47509926157438,-5,-5,1.09391086922998,0.008649239295816,0.291797959209049,"enriched_in_crc"
"ThomasAM_2019_c","k__Bacteria|p__Firmicutes|c__Erysipelotrichia|o__Erysipelotrichales|f__Erysipelotrichaceae|g__Turicibacter|s__Turicibacter_sanguinis","Turicibacter sanguinis",40,40,-3.60569821930378,-4.56011258649813,-5,-5,-0.954414367194348,0.00848302172910449,0.291797959209049,"depleted_in_crc"
"ThomasAM_2019_c","k__Bacteria|p__Firmicutes|c__Negativicutes|o__Veillonellales|f__Veillonellaceae|g__Dialister|s__Dialister_pneumosintes","Dialister pneumosintes",40,40,-4.77251854628754,-3.88858968119008,-5,-5,0.883928865097455,0.00616145606376485,0.291797959209049,"enriched_in_crc"
"ThomasAM_2019_c","k__Bacteria|p__Actinobacteria|c__Coriobacteriia|o__Eggerthellales|f__Eggerthellaceae|g__Gordonibacter|s__Gordonibacter_pamelaeae","Gordonibacter pamelaeae",40,40,-2.91107265619048,-2.08831272379921,-2.21327408898226,-1.73271790192985,0.822759932391267,0.0100458787241972,0.291797959209049,"enriched_in_crc"
"ThomasAM_2019_c","k__Bacteria|p__Firmicutes|c__Clostridia|o__Clostridiales|f__Lachnospiraceae|g__Eisenbergiella|s__Eisenbergiella_tayi","Eisenbergiella tayi",40,40,-4.65556087718822,-3.85928793764362,-5,-5,0.796272939544597,0.0117245553561303,0.291797959209049,"enriched_in_crc"
"ThomasAM_2019_c","k__Bacteria|p__Firmicutes|c__Erysipelotrichia|o__Erysipelotrichales|f__Erysipelotrichaceae|g__Solobacterium|s__Solobacterium_moorei","Solobacterium moorei",40,40,-4.72891559724366,-3.94531712497123,-5,-5,0.783598472272421,0.0112213361568313,0.291797959209049,"enriched_in_crc"
"ThomasAM_2019_c","k__Bacteria|p__Bacteroidetes|c__Bacteroidia|o__Bacteroidales|f__Bacteroidaceae|g__Bacteroides|s__Bacteroides_nordii","Bacteroides nordii",40,40,-4.86141372730212,-4.15282473202147,-5,-5,0.708588995280643,0.0113229085495272,0.291797959209049,"enriched_in_crc"
"ThomasAM_2019_c","k__Bacteria|p__Bacteroidetes|c__Bacteroidia|o__Bacteroidales|f__Porphyromonadaceae|g__Porphyromonas|s__Porphyromonas_endodontalis","Porphyromonas endodontalis",40,40,-5,-4.32342775103106,-5,-5,0.676572248968937,0.0118068538408286,0.291797959209049,"enriched_in_crc"
"ThomasAM_2019_c","k__Bacteria|p__Bacteroidetes|c__Bacteroidia|o__Bacteroidales|f__Odoribacteraceae|g__Odoribacter|s__Odoribacter_laneus","Odoribacter laneus",40,40,-5,-4.37138564777285,-5,-5,0.62861435222715,0.0118068538408286,0.291797959209049,"enriched_in_crc"
"ThomasAM_2019_c","k__Bacteria|p__Firmicutes|c__Bacilli|o__Lactobacillales|f__Enterococcaceae|g__Enterococcus|s__Enterococcus_faecium","Enterococcus faecium",40,40,-4.40188894416742,-5,-5,-5,-0.598111055832579,0.0118068538408286,0.291797959209049,"depleted_in_crc"
"ThomasAM_2019_c","k__Bacteria|p__Bacteroidetes|c__Bacteroidia|o__Bacteroidales|f__Prevotellaceae|g__Alloprevotella|s__Alloprevotella_tannerae","Alloprevotella tannerae",40,40,-5,-4.41074047884485,-5,-5,0.589259521155147,0.00616722969113725,0.291797959209049,"enriched_in_crc"
"VogtmannE_2016","k__Bacteria|p__Fusobacteria|c__Fusobacteriia|o__Fusobacteriales|f__Fusobacteriaceae|g__Fusobacterium|s__Fusobacterium_nucleatum","Fusobacterium nucleatum",52,52,-5,-4.24800500431592,-5,-5,0.751994995684076,0.000261839035697542,0.141131240240975,"enriched_in_crc"
"VogtmannE_2016","k__Bacteria|p__Firmicutes|c__Erysipelotrichia|o__Erysipelotrichales|f__Erysipelotrichaceae|g__Solobacterium|s__Solobacterium_moorei","Solobacterium moorei",52,52,-4.86056871473358,-4.10743020930981,-5,-5,0.753138505423769,0.00135004548051272,0.242558171332119,"enriched_in_crc"
"VogtmannE_2016","k__Bacteria|p__Firmicutes|c__Negativicutes|o__Veillonellales|f__Veillonellaceae|g__Dialister|s__Dialister_pneumosintes","Dialister pneumosintes",52,52,-5,-4.29072101276634,-5,-5,0.709278987233656,0.000972806355078665,0.242558171332119,"enriched_in_crc"
"VogtmannE_2016","k__Bacteria|p__Firmicutes|c__Firmicutes_unclassified|o__Firmicutes_unclassified|f__Firmicutes_unclassified|g__Firmicutes_unclassified|s__Firmicutes_bacterium_CAG_110","Firmicutes bacterium CAG:110",52,52,-2.15283676723137,-3.39893647057763,-1.2000067257948,-5,-1.24609970334626,0.0034592133389294,0.269852035774027,"depleted_in_crc"
"VogtmannE_2016","k__Bacteria|p__Proteobacteria|c__Gammaproteobacteria|o__Enterobacterales|f__Enterobacteriaceae|g__Escherichia|s__Escherichia_coli","Escherichia coli",52,52,-2.74451487485115,-1.58992223644229,-2.22621909399469,-1.26180563235651,1.15459263840886,0.00281252633373555,0.269852035774027,"enriched_in_crc"
"VogtmannE_2016","k__Bacteria|p__Bacteroidetes|c__Bacteroidia|o__Bacteroidales|f__Porphyromonadaceae|g__Porphyromonas|s__Porphyromonas_asaccharolytica","Porphyromonas asaccharolytica",52,52,-4.84296356508073,-3.93249841334381,-5,-5,0.91046515173692,0.00275705321979089,0.269852035774027,"enriched_in_crc"
"VogtmannE_2016","k__Bacteria|p__Firmicutes|c__Tissierellia|o__Tissierellales|f__Peptoniphilaceae|g__Anaerococcus|s__Anaerococcus_vaginalis","Anaerococcus vaginalis",52,52,-5,-4.43847220446772,-5,-5,0.561527795532281,0.00350457189316918,0.269852035774027,"enriched_in_crc"
"VogtmannE_2016","k__Bacteria|p__Firmicutes|c__Clostridia|o__Clostridiales|f__Lachnospiraceae|g__Lachnoclostridium|s__Clostridium_symbiosum","[Clostridium] symbiosum",52,52,-3.08291728770895,-2.24895710893161,-2.37879140779114,-1.79355881371018,0.83396017877734,0.00493122679588894,0.332241405373018,"enriched_in_crc"
"VogtmannE_2016","k__Bacteria|p__Bacteroidetes|c__Bacteroidia|o__Bacteroidales|f__Bacteroidaceae|g__Bacteroides|s__Bacteroides_intestinalis","Bacteroides intestinalis",52,52,-3.47086334040399,-4.47700582375026,-5,-5,-1.00614248334627,0.00798969883712353,0.391495243019053,"depleted_in_crc"
"VogtmannE_2016","k__Bacteria|p__Firmicutes|c__Clostridia|o__Clostridiales|f__Lachnospiraceae|g__Lachnoclostridium|s__Clostridium_scindens","[Clostridium] scindens",52,52,-4.78711398374518,-4.27983970200531,-5,-5,0.507274281739877,0.00742221381241273,0.391495243019053,"enriched_in_crc"
"VogtmannE_2016","k__Bacteria|p__Firmicutes|c__Clostridia|o__Clostridiales|f__Peptostreptococcaceae|g__Peptostreptococcus|s__Peptostreptococcus_stomatis","Peptostreptococcus stomatis",52,52,-4.94965292121708,-4.45678098185608,-5,-5,0.492871939360996,0.00760492135731891,0.391495243019053,"enriched_in_crc"
"VogtmannE_2016","k__Bacteria|p__Firmicutes|c__Clostridia|o__Clostridiales|f__Lachnospiraceae|g__Roseburia|s__Roseburia_sp_CAG_309","Roseburia sp. CAG:309",52,52,-3.28509620512941,-4.16444530369577,-5,-5,-0.879349098566367,0.0114884121168191,0.416350174432957,"depleted_in_crc"
"VogtmannE_2016","k__Bacteria|p__Firmicutes|c__Bacilli|o__Bacillales|f__Bacillales_unclassified|g__Gemella|s__Gemella_morbillorum","Gemella morbillorum",52,52,-4.85314451522436,-4.2736948665184,-5,-5,0.579449648705966,0.0115000639878135,0.416350174432957,"enriched_in_crc"
"VogtmannE_2016","k__Bacteria|p__Bacteroidetes|c__Bacteroidia|o__Bacteroidales|f__Porphyromonadaceae|g__Porphyromonas|s__Porphyromonas_uenonis","Porphyromonas uenonis",52,52,-5,-4.63539645078737,-5,-5,0.364603549212626,0.0123591888514422,0.416350174432957,"enriched_in_crc"
"VogtmannE_2016","k__Bacteria|p__Firmicutes|c__Clostridia|o__Clostridiales|f__Peptostreptococcaceae|g__Peptostreptococcus|s__Peptostreptococcus_anaerobius","Peptostreptococcus anaerobius",52,52,-5,-4.63858118010167,-5,-5,0.361418819898334,0.0123591888514422,0.416350174432957,"enriched_in_crc"
"VogtmannE_2016","k__Bacteria|p__Firmicutes|c__Bacilli|o__Lactobacillales|f__Streptococcaceae|g__Streptococcus|s__Streptococcus_gallolyticus","Streptococcus gallolyticus",52,52,-5,-4.67971784008417,-5,-5,0.320282159915826,0.0123591888514422,0.416350174432957,"enriched_in_crc"
"VogtmannE_2016","k__Bacteria|p__Firmicutes|c__Clostridia|o__Clostridiales|f__Lachnospiraceae|g__Blautia|s__Ruminococcus_gnavus","[Ruminococcus] gnavus",52,52,-2.49337842636148,-1.58092496685177,-2.22154736547228,-0.938462702885247,0.912453459509704,0.0182604872572962,0.552996392632561,"enriched_in_crc"
"VogtmannE_2016","k__Bacteria|p__Firmicutes|c__Clostridia|o__Clostridiales|f__Clostridiales_unclassified|g__Clostridiales_unclassified|s__Bacteroides_pectinophilus","[Bacteroides] pectinophilus",52,52,-3.969960727725,-4.7840207862426,-5,-5,-0.814060058517601,0.018467411998861,0.552996392632561,"depleted_in_crc"
"VogtmannE_2016","k__Bacteria|p__Firmicutes|c__Tissierellia|o__Tissierellales|f__Peptoniphilaceae|g__Parvimonas|s__Parvimonas_micra","Parvimonas micra",52,52,-4.82546912093735,-4.24986148701337,-5,-5,0.575607633923975,0.0195855963764672,0.555612444574518,"enriched_in_crc"
"VogtmannE_2016","k__Bacteria|p__Bacteroidetes|c__Bacteroidia|o__Bacteroidales|f__Bacteroidaceae|g__Bacteroides|s__Bacteroides_fragilis","Bacteroides fragilis",52,52,-1.77213931439389,-0.798998207830894,-0.687246922209097,-0.24083666637037,0.973141106562994,0.0353688417193041,0.564406516263356,"enriched_in_crc"
"WirbelJ_2018","k__Bacteria|p__Firmicutes|c__Tissierellia|o__Tissierellales|f__Peptoniphilaceae|g__Parvimonas|s__Parvimonas_micra","Parvimonas micra",65,60,-4.97552208296882,-3.02563420971778,-5,-2.48634150825513,1.94988787325104,6.35745010036823e-11,3.41395070389774e-08,"enriched_in_crc"
"WirbelJ_2018","k__Bacteria|p__Firmicutes|c__Erysipelotrichia|o__Erysipelotrichales|f__Erysipelotrichaceae|g__Solobacterium|s__Solobacterium_moorei","Solobacterium moorei",65,60,-4.94070391850668,-3.43909888155833,-5,-5,1.50160503694834,2.3155247295297e-09,6.21718389878723e-07,"enriched_in_crc"
"WirbelJ_2018","k__Bacteria|p__Firmicutes|c__Bacilli|o__Bacillales|f__Bacillales_unclassified|g__Gemella|s__Gemella_morbillorum","Gemella morbillorum",65,60,-5,-3.59088368491594,-5,-5,1.40911631508406,4.03146701745275e-09,7.21632596124042e-07,"enriched_in_crc"
"WirbelJ_2018","k__Bacteria|p__Firmicutes|c__Negativicutes|o__Veillonellales|f__Veillonellaceae|g__Dialister|s__Dialister_pneumosintes","Dialister pneumosintes",65,60,-5,-3.85290147451544,-5,-5,1.14709852548456,1.05564924014933e-06,0.000141720910490048,"enriched_in_crc"
"WirbelJ_2018","k__Bacteria|p__Bacteroidetes|c__Bacteroidia|o__Bacteroidales|f__Porphyromonadaceae|g__Porphyromonas|s__Porphyromonas_asaccharolytica","Porphyromonas asaccharolytica",65,60,-4.95603176515816,-3.71092873291306,-5,-5,1.2451030322451,2.23062123390336e-06,0.000171659728383685,"enriched_in_crc"
"WirbelJ_2018","k__Bacteria|p__Fusobacteria|c__Fusobacteriia|o__Fusobacteriales|f__Fusobacteriaceae|g__Fusobacterium|s__Fusobacterium_nucleatum","Fusobacterium nucleatum",65,60,-4.95759021371929,-3.81946476599532,-5,-5,1.13812544772397,2.06967876930001e-06,0.000171659728383685,"enriched_in_crc"
"WirbelJ_2018","k__Bacteria|p__Firmicutes|c__Clostridia|o__Clostridiales|f__Peptostreptococcaceae|g__Peptostreptococcus|s__Peptostreptococcus_stomatis","Peptostreptococcus stomatis",65,60,-5,-3.94971108004975,-5,-5,1.05028891995025,2.23765009066256e-06,0.000171659728383685,"enriched_in_crc"
"WirbelJ_2018","k__Bacteria|p__Synergistetes|c__Synergistia|o__Synergistales|f__Synergistaceae|g__Fretibacterium|s__Fretibacterium_fastidiosum","Fretibacterium fastidiosum",65,60,-4.91666829800395,-4.17655133362922,-5,-5,0.740116964374729,4.5833566799332e-06,0.000307657817140516,"enriched_in_crc"
"WirbelJ_2018","k__Bacteria|p__Firmicutes|c__Clostridia|o__Clostridiales|f__Clostridiaceae|g__Hungatella|s__Hungatella_hathewayi","Hungatella hathewayi",65,60,-4.43258678336982,-3.24170505267079,-5,-2.96827702343848,1.19088173069902,9.05774755479379e-06,0.000540445604102696,"enriched_in_crc"
"WirbelJ_2018","k__Bacteria|p__Actinobacteria|c__Coriobacteriia|o__Coriobacteriales|f__Coriobacteriaceae|g__Collinsella|s__Collinsella_intestinalis","Collinsella intestinalis",65,60,-3.89935939564628,-2.95103387172308,-5,-2.55151654903342,0.948325523923199,1.42165373713989e-05,0.000763428056844121,"enriched_in_crc"
"WirbelJ_2018","k__Bacteria|p__Firmicutes|c__Clostridia|o__Clostridiales|f__Lachnospiraceae|g__Eisenbergiella|s__Eisenbergiella_tayi","Eisenbergiella tayi",65,60,-4.49300021109798,-3.21698807376492,-5,-3.96405899634694,1.27601213733306,3.10788341732149e-05,0.00151721217736513,"enriched_in_crc"
"WirbelJ_2018","k__Bacteria|p__Firmicutes|c__Bacilli|o__Lactobacillales|f__Streptococcaceae|g__Streptococcus|s__Streptococcus_anginosus_group",NA,65,60,-4.68848883740517,-3.67775579063892,-5,-5,1.01073304676625,4.25015359540409e-05,0.00190194373394333,"enriched_in_crc"
"WirbelJ_2018","k__Bacteria|p__Firmicutes|c__Clostridia|o__Clostridiales|f__Lachnospiraceae|g__Lachnoclostridium|s__Clostridium_clostridioforme","Enterocloster clostridioformis",65,60,-4.77225696029923,-3.69587985890642,-5,-5,1.07637710139281,4.66706292563378e-05,0.00192785599312718,"enriched_in_crc"
"WirbelJ_2018","k__Bacteria|p__Firmicutes|c__Clostridia|o__Clostridiales|f__Ruminococcaceae|g__Ruthenibacterium|s__Ruthenibacterium_lactatiformans","Ruthenibacterium lactatiformans",65,60,-1.85906035300083,-0.985257007868128,-1.44021303179944,-0.92994240799976,0.873803345132706,8.92908286210289e-05,0.00319661166463283,"enriched_in_crc"
"WirbelJ_2018","k__Bacteria|p__Firmicutes|c__Clostridia|o__Clostridiales|f__Ruminococcaceae|g__Faecalibacterium|s__Faecalibacterium_prausnitzii","Faecalibacterium prausnitzii",65,60,0.951631546992423,0.586123216864678,1.03052726605053,0.84117549212908,-0.365508330127745,8.81058448887024e-05,0.00319661166463283,"depleted_in_crc"
"WirbelJ_2018","k__Bacteria|p__Firmicutes|c__Clostridia|o__Clostridiales|f__Lachnospiraceae|g__Lachnoclostridium|s__Clostridium_symbiosum","[Clostridium] symbiosum",65,60,-4.2691598398318,-3.04148380034748,-5,-2.54031972323125,1.22767603948432,0.000109850598524791,0.00358869997292009,"enriched_in_crc"
"WirbelJ_2018","k__Bacteria|p__Bacteroidetes|c__Bacteroidia|o__Bacteroidales|f__Bacteroidaceae|g__Bacteroides|s__Bacteroides_xylanisolvens","Bacteroides xylanisolvens",65,60,-2.34957703196156,-1.15248484904363,-1.62324060459512,-0.863975420507367,1.19709218291793,0.000113608751470468,0.00358869997292009,"enriched_in_crc"
"WirbelJ_2018","k__Bacteria|p__Firmicutes|c__Erysipelotrichia|o__Erysipelotrichales|f__Erysipelotrichaceae|g__Erysipelatoclostridium|s__Erysipelatoclostridium_ramosum","Erysipelatoclostridium ramosum",65,60,-4.59047493465752,-3.50830888105281,-5,-5,1.08216605360471,0.000138259146587821,0.00412473120653666,"enriched_in_crc"
"WirbelJ_2018","k__Bacteria|p__Firmicutes|c__Erysipelotrichia|o__Erysipelotrichales|f__Erysipelotrichaceae|g__Dielma|s__Dielma_fastidiosa","Dielma fastidiosa",65,60,-4.83681936489621,-4.01326420615575,-5,-5,0.823555158740461,0.000185105393127569,0.00523166295313183,"enriched_in_crc"
"WirbelJ_2018","k__Bacteria|p__Firmicutes|c__Clostridia|o__Clostridiales|f__Lachnospiraceae|g__Lachnoclostridium|s__Clostridium_aldenense","Enterocloster aldenensis",65,60,-4.89494378510093,-4.16775683698491,-5,-5,0.727186948116016,0.000253626636803173,0.0068098751981652,"enriched_in_crc"
"YachidaS_2019","k__Bacteria|p__Firmicutes|c__Bacilli|o__Bacillales|f__Bacillales_unclassified|g__Gemella|s__Gemella_morbillorum","Gemella morbillorum",251,258,-4.77763275358053,-4.02287120674798,-5,-5,0.754761546832548,4.95136954226715e-11,3.4511045709602e-08,"enriched_in_crc"
"YachidaS_2019","k__Bacteria|p__Firmicutes|c__Tissierellia|o__Tissierellales|f__Peptoniphilaceae|g__Parvimonas|s__Parvimonas_micra","Parvimonas micra",251,258,-4.57866658859302,-3.75907044582677,-5,-5,0.81959614276625,8.40606361995657e-10,2.92951317155486e-07,"enriched_in_crc"
"YachidaS_2019","k__Bacteria|p__Firmicutes|c__Clostridia|o__Clostridiales|f__Peptostreptococcaceae|g__Peptostreptococcus|s__Peptostreptococcus_stomatis","Peptostreptococcus stomatis",251,258,-4.80499588485803,-4.14838720197094,-5,-5,0.656608682887089,4.36838984541524e-09,1.01492257408481e-06,"enriched_in_crc"
"YachidaS_2019","k__Bacteria|p__Firmicutes|c__Erysipelotrichia|o__Erysipelotrichales|f__Erysipelotrichaceae|g__Solobacterium|s__Solobacterium_moorei","Solobacterium moorei",251,258,-4.83926786043877,-4.25808835433517,-5,-5,0.581179506103598,1.71653710255161e-08,2.99106590119618e-06,"enriched_in_crc"
"YachidaS_2019","k__Bacteria|p__Firmicutes|c__Negativicutes|o__Veillonellales|f__Veillonellaceae|g__Dialister|s__Dialister_pneumosintes","Dialister pneumosintes",251,258,-4.92470386468692,-4.46139283061784,-5,-5,0.463311034069082,1.64401263789987e-07,2.29175361723241e-05,"enriched_in_crc"
"YachidaS_2019","k__Bacteria|p__Fusobacteria|c__Fusobacteriia|o__Fusobacteriales|f__Fusobacteriaceae|g__Fusobacterium|s__Fusobacterium_nucleatum","Fusobacterium nucleatum",251,258,-4.87233471781042,-4.38133640285085,-5,-5,0.490998314959577,3.45737848148448e-07,4.01632133599114e-05,"enriched_in_crc"
"YachidaS_2019","k__Bacteria|p__Actinobacteria|c__Actinobacteria|o__Actinomycetales|f__Actinomycetaceae|g__Actinomyces|s__Actinomyces_sp_HMSC035G02","Actinomyces sp. HMSC035G02",251,258,-4.70245850036707,-4.21800948967185,-5,-5,0.484449010695218,1.01604221130421e-06,0.000101168774468434,"enriched_in_crc"
"YachidaS_2019","k__Bacteria|p__Firmicutes|c__Bacilli|o__Lactobacillales|f__Streptococcaceae|g__Streptococcus|s__Streptococcus_anginosus_group",NA,251,258,-4.28598408301791,-3.76006796955486,-5,-5,0.525916113463055,0.000153951490513451,0.0134130236109844,"enriched_in_crc"
"YachidaS_2019","k__Bacteria|p__Actinobacteria|c__Coriobacteriia|o__Coriobacteriales|f__Coriobacteriaceae|g__Collinsella|s__Collinsella_aerofaciens","Collinsella aerofaciens",251,258,-1.53114439472885,-0.737770831532571,-0.277004316110907,-0.0743115920379936,0.793373563196281,0.00019214744706896,0.0147089549590183,"enriched_in_crc"
"YachidaS_2019","k__Bacteria|p__Actinobacteria|c__Coriobacteriia|o__Coriobacteriales|f__Atopobiaceae|g__Atopobium|s__Atopobium_parvulum","Lancefieldella parvula",251,258,-4.84150720464586,-4.55312177978667,-5,-5,0.28838542485919,0.000211032352353204,0.0147089549590183,"enriched_in_crc"
"YachidaS_2019","k__Bacteria|p__Firmicutes|c__Clostridia|o__Clostridiales|f__Lachnospiraceae|g__Roseburia|s__Roseburia_faecis","Roseburia faecis",251,258,-2.2475566101826,-3.0328347843699,-1.3005091547278,-5,-0.785278174187305,0.000251029321511944,0.0159061306448932,"depleted_in_crc"
"YachidaS_2019","k__Bacteria|p__Firmicutes|c__Erysipelotrichia|o__Erysipelotrichales|f__Erysipelotrichaceae|g__Holdemania|s__Holdemania_filiformis","Holdemania filiformis",251,258,-3.83263037578149,-3.28217030057783,-5,-2.95288675738898,0.550460075203662,0.000292774520311781,0.016129057501013,"enriched_in_crc"
"YachidaS_2019","k__Bacteria|p__Bacteroidetes|c__Bacteroidia|o__Bacteroidales|f__Prevotellaceae|g__Prevotella|s__Prevotella_intermedia","Prevotella intermedia",251,258,-4.97973820133464,-4.68442228586149,-5,-5,0.295315915473146,0.00030082890604472,0.016129057501013,"enriched_in_crc"
"YachidaS_2019","k__Bacteria|p__Firmicutes|c__Clostridia|o__Clostridiales|f__Clostridiales_Family_XIII_Incertae_Sedis|g__Clostridiales_Family_XIII_Incertae_Sedis_unclassified|s__Eubacterium_infirmum","[Eubacterium] infirmum",251,258,-4.97771242898754,-4.82631641802173,-5,-5,0.151396010965816,0.000354796598219197,0.0176638020684843,"enriched_in_crc"
"YachidaS_2019","k__Bacteria|p__Synergistetes|c__Synergistia|o__Synergistales|f__Synergistaceae|g__Fretibacterium|s__Fretibacterium_fastidiosum","Fretibacterium fastidiosum",251,258,-4.98704139306547,-4.84648966993335,-5,-5,0.140551723132118,0.000492542360034267,0.0228868016629256,"enriched_in_crc"
"YachidaS_2019","k__Bacteria|p__Firmicutes|c__Bacilli|o__Lactobacillales|f__Streptococcaceae|g__Streptococcus|s__Streptococcus_mitis","Streptococcus mitis",251,258,-3.31054089375073,-2.77386141539553,-5,-1.97947645691692,0.536679478355196,0.000604397878141757,0.0234036289480447,"enriched_in_crc"
"YachidaS_2019","k__Bacteria|p__Firmicutes|c__Clostridia|o__Clostridiales|f__Lachnospiraceae|g__Oribacterium|s__Oribacterium_parvum","Oribacterium parvum",251,258,-4.92754984109977,-4.74352175190883,-5,-5,0.184028089190939,0.000582839517875168,0.0234036289480447,"enriched_in_crc"
"YachidaS_2019","k__Bacteria|p__Firmicutes|c__Negativicutes|o__Selenomonadales|f__Selenomonadaceae|g__Selenomonas|s__Selenomonas_sputigena","Selenomonas sputigena",251,258,-5,-4.85937236282991,-5,-5,0.140627637170086,0.000554559129703168,0.0234036289480447,"enriched_in_crc"
"YachidaS_2019","k__Bacteria|p__Firmicutes|c__Clostridia|o__Clostridiales|f__Clostridiales_Family_XIII_Incertae_Sedis|g__Mogibacterium|s__Mogibacterium_diversum","Mogibacterium diversum",251,258,-3.75100771217306,-3.30580294514902,-5,-2.79997289436256,0.445204767024038,0.000795184319416937,0.0291707089807161,"enriched_in_crc"
"YachidaS_2019","k__Bacteria|p__Bacteroidetes|c__Bacteroidia|o__Bacteroidales|f__Bacteroidaceae|g__Bacteroides|s__Bacteroides_plebeius","Phocaeicola plebeius",251,258,-3.00754624799521,-2.14255679146235,-5,-2.17986266224378,0.86498945653286,0.000967674911499004,0.0303469920875278,"enriched_in_crc"
"YuJ_2015","k__Bacteria|p__Firmicutes|c__Tissierellia|o__Tissierellales|f__Peptoniphilaceae|g__Parvimonas|s__Parvimonas_micra","Parvimonas micra",54,74,-4.64347652743343,-2.65378319955687,-5,-2.29227459532736,1.98969332787656,8.55351463231809e-09,4.9182709135829e-06,"enriched_in_crc"
"YuJ_2015","k__Bacteria|p__Firmicutes|c__Clostridia|o__Clostridiales|f__Peptostreptococcaceae|g__Peptostreptococcus|s__Peptostreptococcus_stomatis","Peptostreptococcus stomatis",54,74,-4.86514470009089,-3.27665722449615,-5,-3.55534914874684,1.58848747559474,2.72675592925057e-08,7.83942329659537e-06,"enriched_in_crc"
"YuJ_2015","k__Bacteria|p__Firmicutes|c__Bacilli|o__Bacillales|f__Bacillales_unclassified|g__Gemella|s__Gemella_morbillorum","Gemella morbillorum",54,74,-4.60340463699344,-3.09306008782214,-5,-2.67439492490833,1.5103445491713,8.03045614468497e-07,0.000153917076106462,"enriched_in_crc"
"YuJ_2015","k__Bacteria|p__Firmicutes|c__Clostridia|o__Clostridiales|f__Lachnospiraceae|g__Lachnoclostridium|s__Clostridium_symbiosum","[Clostridium] symbiosum",54,74,-3.85458936199673,-2.26835769175201,-5,-1.6809327559083,1.58623167024472,2.40768642729259e-06,0.00034610492392331,"enriched_in_crc"
"YuJ_2015","k__Bacteria|p__Firmicutes|c__Negativicutes|o__Veillonellales|f__Veillonellaceae|g__Dialister|s__Dialister_pneumosintes","Dialister pneumosintes",54,74,-4.80637324065801,-3.6254236906873,-5,-5,1.18094954997071,7.12040917126376e-05,0.00731652433422758,"enriched_in_crc"
"YuJ_2015","k__Bacteria|p__Firmicutes|c__Clostridia|o__Clostridiales|f__Lachnospiraceae|g__Fusicatenibacter|s__Fusicatenibacter_saccharivorans","Fusicatenibacter saccharivorans",54,74,-0.679488306072556,-1.35134672227934,-0.199228816486618,-0.696829214203425,-0.671858416206787,7.63463408788965e-05,0.00731652433422758,"depleted_in_crc"
"YuJ_2015","k__Bacteria|p__Fusobacteria|c__Fusobacteriia|o__Fusobacteriales|f__Fusobacteriaceae|g__Fusobacterium|s__Fusobacterium_nucleatum","Fusobacterium nucleatum",54,74,-4.89585067877508,-3.91640602045297,-5,-5,0.979444658322114,0.000110751721751725,0.00909746285817743,"enriched_in_crc"
"YuJ_2015","k__Bacteria|p__Firmicutes|c__Erysipelotrichia|o__Erysipelotrichales|f__Erysipelotrichaceae|g__Solobacterium|s__Solobacterium_moorei","Solobacterium moorei",54,74,-4.78550589024913,-3.80838861917467,-5,-5,0.977117271074458,0.000138855994218837,0.00998027458447889,"enriched_in_crc"
"YuJ_2015","k__Bacteria|p__Firmicutes|c__Clostridia|o__Clostridiales|f__Eubacteriaceae|g__Eubacterium|s__Eubacterium_ventriosum","Eubacterium ventriosum",54,74,-1.76671458674951,-2.94116688408784,-0.729234677413723,-2.53268008678317,-1.17445229733832,0.000206836342179221,0.0118930896753052,"depleted_in_crc"
"YuJ_2015","k__Bacteria|p__Firmicutes|c__Clostridia|o__Clostridiales|f__Clostridiaceae|g__Hungatella|s__Hungatella_hathewayi","Hungatella hathewayi",54,74,-3.38430444889294,-2.2605370803855,-3.56479804736049,-1.7151220279548,1.12376736850744,0.00018708484968029,0.0118930896753052,"enriched_in_crc"
"YuJ_2015","k__Bacteria|p__Firmicutes|c__Erysipelotrichia|o__Erysipelotrichales|f__Erysipelotrichaceae|g__Erysipelatoclostridium|s__Erysipelatoclostridium_ramosum","Erysipelatoclostridium ramosum",54,74,-3.49048215868371,-2.25788393183117,-5,-1.70209509265237,1.23259822685255,0.000556183809555558,0.0290732445904042,"enriched_in_crc"
"YuJ_2015","k__Bacteria|p__Firmicutes|c__Clostridia|o__Clostridiales|f__Lachnospiraceae|g__Eisenbergiella|s__Eisenbergiella_massiliensis","Eisenbergiella massiliensis",54,74,-4.37659822993404,-3.41177649349468,-5,-5,0.964821736439367,0.00113858918923108,0.0545573986506558,"enriched_in_crc"
"YuJ_2015","k__Bacteria|p__Firmicutes|c__Clostridia|o__Clostridiales|f__Ruminococcaceae|g__Ruthenibacterium|s__Ruthenibacterium_lactatiformans","Ruthenibacterium lactatiformans",54,74,-1.31051092313485,-0.656600093373553,-1.13780897304452,-0.537751636076899,0.653910829761302,0.00125680455357393,0.0555894321773083,"enriched_in_crc"
"YuJ_2015","k__Bacteria|p__Proteobacteria|c__Gammaproteobacteria|o__Pasteurellales|f__Pasteurellaceae|g__Haemophilus|s__Haemophilus_sputorum","Haemophilus sputorum",54,74,-4.60151032035331,-5,-5,-5,-0.398489679646692,0.00154927508690909,0.0636309410694805,"depleted_in_crc"
"YuJ_2015","k__Bacteria|p__Firmicutes|c__Clostridia|o__Clostridiales|f__Ruminococcaceae|g__Faecalibacterium|s__Faecalibacterium_prausnitzii","Faecalibacterium prausnitzii",54,74,0.33667355080964,-0.00302136957842632,0.664829857568936,0.33404884107229,-0.339694920388066,0.00190405724875288,0.0729888612021938,"depleted_in_crc"
"YuJ_2015","k__Bacteria|p__Firmicutes|c__Clostridia|o__Clostridiales|f__Eubacteriaceae|g__Eubacterium|s__Eubacterium_eligens","Lachnospira eligens",54,74,-0.632612934339461,-1.58272753822065,0.215464225242973,-0.971000920513523,-0.950114603881194,0.00222479498710515,0.0799535698490913,"depleted_in_crc"
"YuJ_2015","k__Bacteria|p__Firmicutes|c__Clostridia|o__Clostridiales|f__Lachnospiraceae|g__Roseburia|s__Roseburia_intestinalis","Roseburia intestinalis",54,74,-1.8167513643576,-2.79085203140353,-1.16477764464958,-2.33303365628115,-0.974100667045939,0.0026732128507587,0.0816756155114724,"depleted_in_crc"
"YuJ_2015","k__Bacteria|p__Firmicutes|c__Clostridia|o__Clostridiales|f__Lachnospiraceae|g__Lachnoclostridium|s__Clostridium_clostridioforme","Enterocloster clostridioformis",54,74,-4.63860546959558,-3.76660316907861,-5,-5,0.872002300516964,0.00257715309251098,0.0816756155114724,"enriched_in_crc"
"YuJ_2015","k__Bacteria|p__Bacteroidetes|c__Bacteroidia|o__Bacteroidales|f__Prevotellaceae|g__Prevotella|s__Prevotella_intermedia","Prevotella intermedia",54,74,-4.9231705984434,-4.09665288522579,-5,-5,0.826517713217607,0.00284089097431208,0.0816756155114724,"enriched_in_crc"
"YuJ_2015","k__Bacteria|p__Fusobacteria|c__Fusobacteriia|o__Fusobacteriales|f__Fusobacteriaceae|g__Fusobacterium|s__Fusobacterium_sp_oral_taxon_370","Fusobacterium sp. oral taxon 370",54,74,-4.9577166439129,-4.32771533607296,-5,-5,0.630001307839933,0.00276170510323894,0.0816756155114724,"enriched_in_crc"
"ZellerG_2014","k__Bacteria|p__Firmicutes|c__Clostridia|o__Clostridiales|f__Peptostreptococcaceae|g__Peptostreptococcus|s__Peptostreptococcus_stomatis","Peptostreptococcus stomatis",61,53,-4.82186268504063,-3.26739612729053,-5,-5,1.5544665577501,5.25257413525557e-07,0.000191355876213288,"enriched_in_crc"
"ZellerG_2014","k__Bacteria|p__Firmicutes|c__Negativicutes|o__Veillonellales|f__Veillonellaceae|g__Dialister|s__Dialister_pneumosintes","Dialister pneumosintes",61,53,-5,-3.63136765143834,-5,-5,1.36863234856166,9.12667136152406e-07,0.000191355876213288,"enriched_in_crc"
"ZellerG_2014","k__Bacteria|p__Fusobacteria|c__Fusobacteriia|o__Fusobacteriales|f__Fusobacteriaceae|g__Fusobacterium|s__Fusobacterium_nucleatum","Fusobacterium nucleatum",61,53,-5,-3.85412102941676,-5,-5,1.14587897058324,9.12667136152406e-07,0.000191355876213288,"enriched_in_crc"
"ZellerG_2014","k__Bacteria|p__Firmicutes|c__Clostridia|o__Clostridiales|f__Eubacteriaceae|g__Eubacterium|s__Eubacterium_hallii","Anaerobutyricum hallii",61,53,-0.387529354634988,-1.06791600769896,-0.000599740301078769,-0.645641817264679,-0.680386653063977,0.000464455847723763,0.0730356820545618,"depleted_in_crc"
"ZellerG_2014","k__Bacteria|p__Firmicutes|c__Clostridia|o__Clostridiales|f__Ruminococcaceae|g__Ruminococcus|s__Ruminococcus_bicirculans","Ruminococcus bicirculans",61,53,-1.77723726573505,-3.21232052040538,-0.61117084610116,-5,-1.43508325467033,0.000600745933255854,0.0755738384035864,"depleted_in_crc"
"ZellerG_2014","k__Bacteria|p__Firmicutes|c__Clostridia|o__Clostridiales|f__Lachnospiraceae|g__Anaerostipes|s__Anaerostipes_hadrus","Anaerostipes hadrus",61,53,0.08442473121041,-0.746065588575608,0.167813387893944,-0.395244905355167,-0.830490319786018,0.000861466547709151,0.0903104097515093,"depleted_in_crc"
"ZellerG_2014","k__Bacteria|p__Firmicutes|c__Bacilli|o__Lactobacillales|f__Streptococcaceae|g__Streptococcus|s__Streptococcus_salivarius","Streptococcus salivarius",61,53,-0.850808569377684,-2.03838842808573,-0.972487307551189,-1.48958905198982,-1.18757985870804,0.00126811913339695,0.092765555202546,"depleted_in_crc"
"ZellerG_2014","k__Bacteria|p__Firmicutes|c__Clostridia|o__Clostridiales|f__Eubacteriaceae|g__Eubacterium|s__Eubacterium_eligens","Lachnospira eligens",61,53,-0.448797789157782,-1.50274798064271,0.260665154023354,-0.461627375009844,-1.05395019148492,0.00132732908874867,0.092765555202546,"depleted_in_crc"
"ZellerG_2014","k__Bacteria|p__Firmicutes|c__Clostridia|o__Clostridiales|f__Lachnospiraceae|g__Blautia|s__Blautia_wexlerae","Blautia wexlerae",61,53,-0.806074141097353,-1.54886367314562,-0.62364207017276,-1.14660602254933,-0.742789532048264,0.00108602879564086,0.092765555202546,"depleted_in_crc"
"ZellerG_2014","k__Bacteria|p__Bacteroidetes|c__Bacteroidia|o__Bacteroidales|f__Porphyromonadaceae|g__Porphyromonas|s__Porphyromonas_asaccharolytica","Porphyromonas asaccharolytica",61,53,-4.90313452884007,-4.22258801020922,-5,-5,0.680546518630859,0.00166719066601302,0.09715777285979,"enriched_in_crc"
"ZellerG_2014","k__Bacteria|p__Firmicutes|c__Clostridia|o__Clostridiales|f__Ruminococcaceae|g__Pseudoflavonifractor|s__Pseudoflavonifractor_sp_An184","Pseudoflavonifractor sp. An184",61,53,-4.97468740910901,-4.40734427969386,-5,-5,0.567343129415147,0.00169910254603766,0.09715777285979,"enriched_in_crc"
"ZellerG_2014","k__Bacteria|p__Actinobacteria|c__Actinobacteria|o__Bifidobacteriales|f__Bifidobacteriaceae|g__Bifidobacterium|s__Bifidobacterium_catenulatum","Bifidobacterium catenulatum",61,53,-3.63585221721029,-4.61382240412807,-5,-5,-0.977970186917785,0.00188508715385194,0.0988099849810728,"depleted_in_crc"
"ZellerG_2014","k__Bacteria|p__Firmicutes|c__Clostridia|o__Clostridiales|f__Lachnospiraceae|g__Roseburia|s__Roseburia_intestinalis","Roseburia intestinalis",61,53,-1.38749203703071,-2.46014750450053,-0.502932063601495,-1.61278819968627,-1.07265546746981,0.00205131877448519,0.0992522699347064,"depleted_in_crc"
"ZellerG_2014","k__Bacteria|p__Firmicutes|c__Clostridia|o__Clostridiales|f__Lachnospiraceae|g__Lachnospiraceae_unclassified|s__Eubacterium_rectale","[Eubacterium] rectale",61,53,-0.354342723348976,-1.11812166034103,0.326051017854496,-0.667198096822017,-0.76377893699205,0.00245022981044158,0.110085325054839,"depleted_in_crc"
"ZellerG_2014","k__Bacteria|p__Firmicutes|c__Clostridia|o__Clostridiales|f__Eubacteriaceae|g__Eubacterium|s__Eubacterium_ventriosum","Eubacterium ventriosum",61,53,-1.54415259526297,-2.70488206260781,-0.628138197379105,-2.30189945437661,-1.16072946734484,0.00333338733136218,0.139780042095121,"depleted_in_crc"
"ZellerG_2014","k__Bacteria|p__Fusobacteria|c__Fusobacteriia|o__Fusobacteriales|f__Fusobacteriaceae|g__Fusobacterium|s__Fusobacterium_sp_oral_taxon_370","Fusobacterium sp. oral taxon 370",61,53,-5,-4.55824798001204,-5,-5,0.441752019987963,0.00363545772084114,0.142918931650567,"enriched_in_crc"
"ZellerG_2014","k__Bacteria|p__Firmicutes|c__Clostridia|o__Clostridiales|f__Ruminococcaceae|g__Flavonifractor|s__Flavonifractor_plautii","Flavonifractor plautii",61,53,-2.42187369380106,-1.58816802313406,-1.63022771140304,-0.968753163767325,0.833705670666998,0.00437252722937542,0.161783507486891,"enriched_in_crc"
"ZellerG_2014","k__Bacteria|p__Firmicutes|c__Clostridia|o__Clostridiales|f__Lachnospiraceae|g__Lachnoclostridium|s__Clostridium_symbiosum","[Clostridium] symbiosum",61,53,-4.09925266879002,-3.1616780756263,-5,-5,0.937574593163728,0.00513329212793181,0.174059027891599,"enriched_in_crc"
"ZellerG_2014","k__Bacteria|p__Firmicutes|c__Bacilli|o__Lactobacillales|f__Streptococcaceae|g__Streptococcus|s__Streptococcus_sp_A12","Streptococcus sp. A12",61,53,-3.81804445494313,-4.5047410263608,-5,-5,-0.686696571417671,0.00525774488066832,0.174059027891599,"depleted_in_crc"
"ZellerG_2014","k__Bacteria|p__Proteobacteria|c__Deltaproteobacteria|o__Desulfovibrionales|f__Desulfovibrionaceae|g__Bilophila|s__Bilophila_wadsworthia","Bilophila wadsworthia",61,53,-2.66183368971018,-1.9740880689047,-2.07109230975605,-1.5217221680804,0.687745620805476,0.00563809675031629,0.177318142797447,"enriched_in_crc"
